"INSTID","UKPRN","ProviderName","CountryCode","CategoryName","FE_Provider","Rescinded"
"0001","10007773","The Open University","E","England - Approved (Fee Cap)","","0"
"0002","10007822","Cranfield University","E","England - Approved (Fee Cap)","","0"
"0003","10007777","Royal College of Art","E","England - Approved (Fee Cap)","","0"
"0004","","The College of Guidance Studies","E","","","1"
"0006","10007836","The Royal College of Nursing","E","","","1"
"0007","10007811","Lincoln Bishop University","E","England - Approved (Fee Cap)","","0"
"0008","","Bretton Hall College of HE","E","","","1"
"0009","10000975","Buckinghamshire New University","E","England - Approved (Fee Cap)","","0"
"0010","10007816","The Royal Central School of Speech and Drama","E","England - Approved (Fee Cap)","","0"
"0011","10007848","University of Chester","E","England - Approved (Fee Cap)","","0"
"0012","10001143","Canterbury Christ Church University","E","England - Approved (Fee Cap)","","0"
"0013","10007713","York St John University","E","England - Approved (Fee Cap)","","0"
"0014","10037449","University of St Mark and St John","E","England - Approved (Fee Cap)","","0"
"0015","10001856","Dartington College of Arts","E","","","1"
"0016","10007823","Edge Hill University","E","England - Approved (Fee Cap)","","0"
"0017","10008640","Falmouth University","E","England - Approved (Fee Cap)","","0"
"0018","10040812","Harper Adams University","E","England - Approved (Fee Cap)","","0"
"0019","10003138","Homerton College","E","","","1"
"0020","10003574","Kent Institute of Art and Design","E","","","1"
"0021","10003614","The University of Winchester","E","England - Approved (Fee Cap)","","0"
"0022","","La Sainte Union College of HE","E","","","1"
"0023","10003956","Liverpool Hope University","E","England - Approved (Fee Cap)","","0"
"0024","10007162","University of the Arts, London","E","England - Approved (Fee Cap)","","0"
"0025","","Loughborough College of Art and Design","E","","","1"
"0026","10007152","University of Bedfordshire","E","England - Approved (Fee Cap)","","0"
"0027","10007138","The University of Northampton","E","England - Approved (Fee Cap)","","0"
"0028","10007832","Birmingham Newman University","E","England - Approved (Fee Cap)","","0"
"0029","","North Riding College Higher Education Corporation","E","","","1"
"0030","10005389","Ravensbourne University London","E","England - Approved (Fee Cap)","","0"
"0031","10007776","Roehampton University","E","England - Approved (Fee Cap)","","0"
"0032","10005523","Rose Bruford College of Theatre and Performance","E","England - Approved (Fee Cap)","","0"
"0033","10007835","Royal Academy of Music","E","England - Approved (Fee Cap)","","0"
"0034","10007778","Royal College of Music","E","England - Approved (Fee Cap)","","0"
"0035","10007837","Royal Northern College of Music","E","England - Approved (Fee Cap)","","0"
"0036","","Salford College of Technology","E","","","1"
"0037","10006022","Southampton Solent University","E","England - Approved (Fee Cap)","","0"
"0038","10007842","University of Cumbria","E","England - Approved (Fee Cap)","","0"
"0039","10007843","St Mary's University, Twickenham","E","England - Approved (Fee Cap)","","0"
"0040","10003863","Leeds Trinity University","E","England - Approved (Fee Cap)","","0"
"0041","10008017","Trinity Laban Conservatoire of Music and Dance","E","England - Approved (Fee Cap)","","0"
"0042","","Westminster College","E","","","1"
"0043","","West London Institute of HE","E","","","1"
"0044","","The Surrey Institute of Art and Design, University College","E","","","1"
"0045","","Winchester School of Art","E","","","1"
"0046","10007139","University of Worcester","E","England - Approved (Fee Cap)","","0"
"0047","10000291","Anglia Ruskin University","E","England - Approved (Fee Cap)","","0"
"0048","10000571","Bath Spa University","E","England - Approved (Fee Cap)","","0"
"0049","10006841","University of Greater Manchester","E","England - Approved (Fee Cap)","","0"
"0050","10000824","Bournemouth University","E","England - Approved (Fee Cap)","","0"
"0051","10000886","The University of Brighton","E","England - Approved (Fee Cap)","","0"
"0052","10007140","Birmingham City University","E","England - Approved (Fee Cap)","","0"
"0053","10007141","University of Lancashire","E","England - Approved (Fee Cap)","","0"
"0054","10007145","University of Gloucestershire","E","England - Approved (Fee Cap)","","0"
"0055","","London Guildhall University","E","","","1"
"0056","10001726","Coventry University","E","England - Approved (Fee Cap)","","0"
"0057","10007851","University of Derby","E","England - Approved (Fee Cap)","","0"
"0058","10007144","The University of East London","E","England - Approved (Fee Cap)","","0"
"0059","10007146","The University of Greenwich","E","England - Approved (Fee Cap)","","0"
"0060","10007147","University of Hertfordshire","E","England - Approved (Fee Cap)","","0"
"0061","10007148","The University of Huddersfield","E","England - Approved (Fee Cap)","","0"
"0062","10007151","The University of Lincoln","E","England - Approved (Fee Cap)","","0"
"0063","10003678","Kingston University","E","England - Approved (Fee Cap)","","0"
"0064","10003861","Leeds Beckett University","E","England - Approved (Fee Cap)","","0"
"0065","10003957","Liverpool John Moores University","E","England - Approved (Fee Cap)","","0"
"0066","10004180","The Manchester Metropolitan University","E","England - Approved (Fee Cap)","","0"
"0067","10004351","Middlesex University","E","England - Approved (Fee Cap)","","0"
"0068","10001883","De Montfort University","E","England - Approved (Fee Cap)","","0"
"0069","10001282","University of Northumbria at Newcastle","E","England - Approved (Fee Cap)","","0"
"0070","","The University of North London","E","","","1"
"0071","10004797","The Nottingham Trent University","E","England - Approved (Fee Cap)","","0"
"0072","10004930","Oxford Brookes University","E","England - Approved (Fee Cap)","","0"
"0073","10007801","University of Plymouth","E","England - Approved (Fee Cap)","","0"
"0074","10007155","The University of Portsmouth","E","England - Approved (Fee Cap)","","0"
"0075","10005790","Sheffield Hallam University","E","England - Approved (Fee Cap)","","0"
"0076","10004078","London South Bank University","E","England - Approved (Fee Cap)","","0"
"0077","10006299","University of Staffordshire","E","England - Approved (Fee Cap)","","0"
"0078","10007159","The University of Sunderland","E","England - Approved (Fee Cap)","","0"
"0079","10007161","Teesside University","E","England - Approved (Fee Cap)","","0"
"0080","10006566","The University of West London","E","England - Approved (Fee Cap)","","0"
"0081","10007164","University of the West of England, Bristol","E","England - Approved (Fee Cap)","","0"
"0082","10007137","The University of Chichester","E","England - Approved (Fee Cap)","","0"
"0083","10007165","The University of Westminster","E","England - Approved (Fee Cap)","","0"
"0084","10007532","Wimbledon School of Art","E","","","1"
"0085","10007166","The University of Wolverhampton","E","England - Approved (Fee Cap)","","0"
"0086","10007853","The University of Wales, Newport","W","Wales HE Provider","","1"
"0087","10007833","Wrexham University","W","Wales HE Provider","","0"
"0088","","Coleg Normal","W","Wales HE Provider","","1"
"0089","10007854","Cardiff Metropolitan University","W","Wales HE Provider","","0"
"0090","10007793","University of South Wales","W","Wales HE Provider","","0"
"0091","10007846","Swansea Metropolitan University","W","Wales HE Provider","","1"
"0092","10007048","Trinity University College","W","Wales HE Provider","","1"
"0094","","Duncan of Jordanstone College of Art","S","Scotland HE Provider","","1"
"0095","10007849","Abertay University","S","Scotland HE Provider","","0"
"0096","10007824","Edinburgh College of Art","S","Scotland HE Provider","","1"
"0097","10002681","Glasgow School of Art","S","Scotland HE Provider","","0"
"0098","","Moray House Institute of Education","S","","","1"
"0099","","Northern College of Education","S","","","1"
"0100","10005337","Queen Margaret University, Edinburgh","S","Scotland HE Provider","","0"
"0101","10005561","Royal Conservatoire of Scotland","S","Scotland HE Provider","","0"
"0102","","St Andrew's College of Education","S","","","1"
"0103","","The Scottish College of Textiles","S","Scotland HE Provider","","1"
"0104","10005500","Robert Gordon University","S","Scotland HE Provider","","0"
"0105","10007800","The University of the West of Scotland","S","Scotland HE Provider","","0"
"0106","10007762","Glasgow Caledonian University","S","Scotland HE Provider","","0"
"0107","10007772","Edinburgh Napier University","S","Scotland HE Provider","","0"
"0108","10007759","Aston University","E","England - Approved (Fee Cap)","","0"
"0109","10007850","The University of Bath","E","England - Approved (Fee Cap)","","0"
"0110","10006840","The University of Birmingham","E","England - Approved (Fee Cap)","","0"
"0111","10007785","The University of Bradford","E","England - Approved (Fee Cap)","","0"
"0112","10007786","The University of Bristol","E","England - Approved (Fee Cap)","","0"
"0113","10000961","Brunel University London","E","England - Approved (Fee Cap)","","0"
"0114","10007788","The University of Cambridge","E","England - Approved (Fee Cap)","","0"
"0115","10001478","City St George's, University of London","E","England - Approved (Fee Cap)","","0"
"0116","10007143","University of Durham","E","England - Approved (Fee Cap)","","0"
"0117","10007789","The University of East Anglia","E","England - Approved (Fee Cap)","","0"
"0118","10007791","The University of Essex","E","England - Approved (Fee Cap)","","0"
"0119","10007792","The University of Exeter","E","England - Approved (Fee Cap)","","0"
"0120","10007149","The University of Hull","E","England - Approved (Fee Cap)","","0"
"0121","10007767","Keele University","E","England - Approved (Fee Cap)","","0"
"0122","10007150","The University of Kent","E","England - Approved (Fee Cap)","","0"
"0123","10007768","The University of Lancaster","E","England - Approved (Fee Cap)","","0"
"0124","10007795","The University of Leeds","E","England - Approved (Fee Cap)","","0"
"0125","10007796","The University of Leicester","E","England - Approved (Fee Cap)","","0"
"0126","10006842","The University of Liverpool","E","England - Approved (Fee Cap)","","0"
"0127","10007760","Birkbeck College","E","England - Approved (Fee Cap)","","0"
"0128","","British Postgraduate Medical Federation","E","","","1"
"0129","","Charing Cross and Westminster Medical School","E","","","1"
"0131","10002718","Goldsmiths College","E","England - Approved (Fee Cap)","","0"
"0132","10003270","Imperial College of Science, Technology and Medicine","E","England - Approved (Fee Cap)","","0"
"0133","10007766","Institute of Education","E","","","1"
"0134","10003645","King's College London","E","England - Approved (Fee Cap)","","0"
"0135","10007769","London Business School","E","England - Approved (Fee Cap)","","0"
"0136","","The London Hospital Medical College","E","","","1"
"0137","10004063","London School of Economics and Political Science","E","England - Approved (Fee Cap)","","0"
"0138","10007771","London School of Hygiene and Tropical Medicine","E","England - Approved (Fee Cap)","","0"
"0139","10007775","Queen Mary University of London","E","England - Approved (Fee Cap)","","0"
"0140","","Royal Free Hospital School of Medicine","E","","","1"
"0141","10005553","Royal Holloway and Bedford New College","E","England - Approved (Fee Cap)","","0"
"0142","","Royal Postgraduate Medical School","E","","","1"
"0143","10007779","The Royal Veterinary College","E","England - Approved (Fee Cap)","","0"
"0144","","St Bartholomew's Hospital Medical College","E","","","1"
"0145","10007782","St George's, University of London","E","England - Approved (Fee Cap)","","0"
"0146","10007780","SOAS University of London","E","England - Approved (Fee Cap)","","0"
"0147","10007781","The School of Pharmacy","E","","","1"
"0148","","United Medical and Dental Schools, Guy's and St Thomas's Hospitals","E","","","1"
"0149","10007784","University College London","E","England - Approved (Fee Cap)","","0"
"0150","","Wye College","E","","","1"
"0151","10007797","University of London (Institutes and activities)","E","England - Approved (Fee Cap)","","0"
"0152","10004113","Loughborough University","E","England - Approved (Fee Cap)","","0"
"0153","10007798","University of Manchester","E","","","1"
"0154","10007799","Newcastle University","E","England - Approved (Fee Cap)","","0"
"0155","10007154","University of Nottingham","E","England - Approved (Fee Cap)","","0"
"0156","10007774","The University of Oxford","E","England - Approved (Fee Cap)","","0"
"0157","10007802","The University of Reading","E","England - Approved (Fee Cap)","","0"
"0158","10007156","The University of Salford","E","England - Approved (Fee Cap)","","0"
"0159","10007157","The University of Sheffield","E","England - Approved (Fee Cap)","","0"
"0160","10007158","The University of Southampton","E","England - Approved (Fee Cap)","","0"
"0161","10007160","The University of Surrey","E","England - Approved (Fee Cap)","","0"
"0162","10007806","The University of Sussex","E","England - Approved (Fee Cap)","","0"
"0163","10007163","The University of Warwick","E","England - Approved (Fee Cap)","","0"
"0164","10007167","The University of York","E","England - Approved (Fee Cap)","","0"
"0165","","The University of Manchester Institute of Science and Technology","E","","","1"
"0167","10007790","The University of Edinburgh","S","Scotland HE Provider","","0"
"0168","10007794","The University of Glasgow","S","Scotland HE Provider","","0"
"0169","10007805","The University of Strathclyde","S","Scotland HE Provider","","0"
"0170","10007783","The University of Aberdeen","S","Scotland HE Provider","","0"
"0171","10007764","Heriot-Watt University","S","Scotland HE Provider","","0"
"0172","10007852","The University of Dundee","S","Scotland HE Provider","","0"
"0173","10007803","The University of St. Andrews","S","Scotland HE Provider","","0"
"0174","10007804","The University of Stirling","S","Scotland HE Provider","","0"
"0175","10005700","SRUC","S","Scotland HE Provider","","0"
"0176","10007858","University of Wales Trinity Saint David","W","Wales HE Provider","","0"
"0177","10007856","Aberystwyth University","W","Wales HE Provider","","0"
"0178","10007857","Bangor University","W","Wales HE Provider","","0"
"0179","10007814","Cardiff University","W","Wales HE Provider","","0"
"0180","10007855","Swansea University","W","Wales HE Provider","","0"
"0181","","University of Wales College of Medicine","W","","","1"
"0182","10007838","Royal Welsh College of Music and Drama","W","","","1"
"0183","","The Welsh Agricultural College","W","","","1"
"0184","10005343","Queen's University Belfast","N","Northern Ireland HE Provider","","0"
"0185","10007807","Ulster University","N","Northern Ireland HE Provider","","0"
"0186","10008574","The University of Wales (central functions)","W","Wales HE Provider","","0"
"0187","","Westhill College","E","","","1"
"0188","10003324","The Institute of Cancer Research","E","England - Approved (Fee Cap)","","0"
"0189","10007657","Writtle University College","E","England - Approved (Fee Cap)","","0"
"0190","10004775","Norwich University of the Arts","E","England - Approved (Fee Cap)","","0"
"0191","10008816","Northern School of Contemporary Dance","E","England - Approved (Fee Cap)","","0"
"0192","10001802","Cumbria Institute of the Arts","E","","","1"
"0193","10008010","Stranmillis University College","N","Northern Ireland HE Provider","","0"
"0194","10008026","St Mary's University College","N","Northern Ireland HE Provider","","0"
"0195","10005545","Royal Agricultural University","E","England - Approved (Fee Cap)","","0"
"0196","10007114","University of the Highlands and Islands","S","Scotland HE Provider","","0"
"0197","10000385","The Arts University Bournemouth","E","England - Approved (Fee Cap)","","0"
"0198","10007809","Bell College","S","Scotland HE Provider","","1"
"0199","10001653","Conservatoire for Dance and Drama","E","England - Approved (Fee Cap)","","1"
"0200","10000712","University College Birmingham","E","England - Approved (Fee Cap)","","0"
"0201","10007761","Courtauld Institute of Art","E","England - Approved (Fee Cap)","","0"
"0202","10004048","London Metropolitan University","E","England - Approved (Fee Cap)","","0"
"0203","10007787","The University of Buckingham","E","England - Approved","","0"
"0204","10007798","The University of Manchester","E","England - Approved (Fee Cap)","","0"
"0205","10007765","Heythrop College","E","","","1"
"0206","10006427","University for the Creative Arts","E","England - Approved (Fee Cap)","","0"
"0207","10003856","Leeds College of Music","E","","","1"
"0208","10007825","Guildhall School of Music and Drama","E","England - Approved (Fee Cap)","","0"
"0209","10003945","The Liverpool Institute for Performing Arts","E","England - Approved (Fee Cap)","","0"
"0210","10014001","University of Suffolk","E","England - Approved (Fee Cap)","","0"
"0211","10003854","Leeds Arts University","E","England - Approved (Fee Cap)","","0"
"0213","10000163","Health Sciences University","E","England - Approved (Fee Cap)","","0"
"0214","10031982","BPP University","E","England - Approved","","0"
"0215","10007937","GSM London","E","England - Approved","","1"
"0216","10003331","Regent's University London","E","England - Approved","","1"
"0217","10008289","The London Institute of Banking & Finance","E","England - Approved (Fee Cap)","","1"
"0218","10039956","The University of Law","E","England - Approved (Fee Cap)","","0"
"0219","10005470","Richmond, The American International University in London","E","England - Approved","","0"
"0220","10035638","Institute of Contemporary Music Performance","E","England - Approved (Fee Cap)","","0"
"0221","10023454","Moorlands College","E","England - Approved (Fee Cap)","","0"
"0223","10005415","Redcliffe College","E","","","1"
"0225","10020416","Missio Dei","E","England - Approved (Fee Cap)","","0"
"0227","10008362","London School of Science and Technology Limited","E","England - Approved","","0"
"0228","10003958","Liverpool School of Tropical Medicine","E","England - Approved (Fee Cap)","","0"
"0229","10004511","The National Film and Television School","E","England - Approved (Fee Cap)","","0"
"0230","10005127","Arts University Plymouth","E","England - Approved (Fee Cap)","","0"
"0231","10019746","ABI College Limited","E","Designation for Teach Out","","1"
"0232","10037544","BIMM University","E","England - Approved (Fee Cap)","","0"
"0233","10000939","West London College","E","","","1"
"0234","10018361","City of London College","E","England - Approved","","1"
"0235","10008229","EThames Graduate School Limited","E","England - Approved","","1"
"0236","10003239","ICON College of Technology and Management","E","England - Approved (Fee Cap)","","0"
"0237","10003566","Kensington College of Business","E","Designation for Teach Out","","1"
"0238","10004061","Bloomsbury Institute","E","England - Approved (Fee Cap)","","0"
"0239","10004450","Mountview Academy of Theatre Arts","E","England - Approved","","0"
"0240","10004538","Nazarene Theological College","E","England - Approved (Fee Cap)","","0"
"0241","10022944","Stratford College London (SCL)","E","England - Approved","","0"
"0242","10032299","Tech Music Schools","E","","","1"
"0243","10015506","The London College","E","England - Approved","","0"
"0244","10000381","Arts Educational Schools","E","England - Approved","","0"
"0245","10002735","Grafton College","E","England - Approved","","1"
"0246","10023777","Mont Rose College of Management and Sciences Limited","E","England - Approved (Fee Cap)","","0"
"0247","10008397","Norland College","E","England - Approved","","0"
"0248","10038763","ForMission Ltd","E","Designation for Teach Out","","1"
"0249","10022021","UK College of Business and Computing","E","Limited Designation","","1"
"0250","10030391","London Churchill College Ltd","E","England - Approved","","0"
"0251","10013357","The Academy of Contemporary Music","E","England - Approved (Fee Cap)","","1"
"0252","10022047","Empire College London Limited","E","England - Approved","","0"
"0253","10002113","East End Computing and Business College Limited","E","England - Approved","","1"
"0254","10033187","Fairfield School of Business Ltd","E","England - Approved","","0"
"0255","10019368","London College of Business Studies","E","England - Approved","","0"
"0256","10022285","London School of Management Education","E","England - Approved (Fee Cap)","","0"
"0257","10004075","London School of Theology","E","England - Approved (Fee Cap)","","0"
"0258","10030776","St Mellitus College","E","England - Approved (Fee Cap)","","0"
"0260","10030129","Nelson College London Ltd","E","England - Approved (Fee Cap)","","0"
"0261","10004740","Northern College of Acupuncture","E","England - Approved","","0"
"0262","10042570","Escape Studios","E","England - Approved (Fee Cap)","","0"
"0263","10005544","Royal Academy of Dance","E","England - Approved","","0"
"0264","10008457","Regents Theological College","E","","","1"
"0265","10007839","SAE Education Limited","E","England - Approved (Fee Cap)","","0"
"0266","10005916","Slough Borough Council","E","Designation for Teach Out","","1"
"0267","10037822","Tottenham Hotspur Foundation","E","Designation for Teach Out","","1"
"0268","10000080","Access to Music Limited","E","Designation for Teach Out","","1"
"0269","10000248","Academy of Live and Recorded Arts","E","England - Approved","","1"
"0270","10001546","The College of Integrated Chinese Medicine","E","England - Approved","","0"
"0271","10010213","The City College","E","England - Approved","","0"
"0272","10045476","Met Film School Limited","E","England - Approved","","0"
"0273","10042194","Holborn College Limited","E","","","1"
"0274","10004079","London Studio Centre","E","England - Approved","","0"
"0275","10023290","West London College of Business and Management Sciences Limited","E","Designation for Teach Out","","1"
"0276","10032594","London School of Academics Ltd","E","England - Approved","","0"
"0277","10004006","London Centre of Contemporary Music","E","England - Approved","","1"
"0278","10008455","Regent College London","E","England - Approved (Fee Cap)","","0"
"0279","10004060","London School of Business and Finance (UK) Limited","E","England - Approved","","1"
"0280","10028216","Brit College","E","England - Approved","","1"
"0281","10022087","Futureworks","E","England - Approved (Fee Cap)","","0"
"0282","10013109","London Bridge Business Academy","E","England - Approved (Fee Cap)","","0"
"0283","10006243","St Patrick's International College","E","Designation for Teach Out","","1"
"0284","10001386","Chicken Shed Theatre Company","E","England - Approved (Fee Cap)","","0"
"0285","10000216","All Nations Christian College Limited","E","England - Approved","","0"
"0287","10000894","Bristol Baptist College","E","England - Approved","","0"
"0288","10032072","The Cambridge Theological Federation","E","England - Approved","","0"
"0291","10001419","Christie's Education Limited","E","England - Approved","","1"
"0292","10039082","City and Guilds of London Art School","E","England - Approved","","0"
"0293","10007912","Cliff College","E","England - Approved (Fee Cap)","","0"
"0294","10008173","University of the Built Environment","E","England - Approved (Fee Cap)","","0"
"0295","10007361","Waverley Abbey College","E","England - Approved (Fee Cap)","","0"
"0297","10023445","ICOM","E","Designation for Teach Out","","1"
"0298","10029682","The Islamic College","E","England - Approved","","0"
"0299","10009527","Istituto Marangoni Limited","E","England - Approved","","0"
"0300","10021682","Kaplan Open Learning (Essex) Limited","E","England - Approved (Fee Cap)","","0"
"0301","10008325","KLC School of Design","E","England - Approved","","1"
"0302","10009285","Kogan Academy of Dramatic Arts","E","Designation for Teach Out","","1"
"0304","10004036","London Film School Limited","E","England - Approved (Fee Cap)","","0"
"0306","10009612","Luther King House Educational Trust","E","England - Approved (Fee Cap)","","0"
"0307","10004879","Open College of the Arts","E","","","1"
"0308","10020439","Oxford Business College","E","Limited Designation","","1"
"0309","10019178","Point Blank Music School","E","England - Approved (Fee Cap)","","0"
"0310","10006093","Spurgeon's College","E","England - Approved (Fee Cap)","","0"
"0311","10045289","St Nicholas Montessori Training Limited","E","England - Approved","","1"
"0312","10032288","West Dean College","E","England - Approved","","0"
"0313","10010227","Oak Hill College","E","England - Approved","","1"
"0314","10004320","The Metanoia Institute","E","England - Approved (Fee Cap)","","0"
"0315","10032282","The Queen's Foundation for Ecumenical Theological Education","E","England - Approved (Fee Cap)","","0"
"0316","10021256","William Booth College","E","England - Approved","","0"
"0317","10023464","Trinity College Bristol","E","England - Approved","","0"
"0319","10023130","Nova College of Accounting and Business Ltd","E","England - Approved","","1"
"0320","10023453","Matrix College of Counselling and Psychotherapy Ltd","E","England - Approved (Fee Cap)","","0"
"0321","10032277","The Minster Centre","E","England - Approved","","0"
"0322","10053279","The Sherwood Institute","E","","","1"
"0323","10008071","AA School of Architecture","E","England - Approved","","0"
"0324","10042364","Ballet West","S","Optional Subscriber","","1"
"0326","10034324","Court Theatre Training Company Ltd","E","England - Approved (Fee Cap)","","0"
"0327","10021100","Regents Theological College","E","England - Approved","","0"
"0328","10023434","London School of Commerce & IT Limited","E","England - Approved","","0"
"0329","10041898","Apex College","E","England - Approved","","0"
"0330","10048199","Northeastern University London","E","England - Approved (Fee Cap)","","0"
"0331","10023452","The Markfield Institute of Higher Education","E","England - Approved","","0"
"0332","10010308","Cambridge Arts and Sciences Limited","E","England - Approved (Fee Cap)","","0"
"0333","10005451","Arden University","E","England - Approved (Fee Cap)","","0"
"0334","10007820","Grŵp Llandrillo Menai","W","Wales Further Education College","Yes","0"
"0335","10009614","Grŵp NPTC Group","W","Wales Further Education College","Yes","0"
"0336","10030408","Gower College Swansea","W","Wales Further Education College","Yes","0"
"0337","10000936","The University College of Osteopathy","E","England - Approved (Fee Cap)","","0"
"0338","10041974","London College of Business Sciences","E","Designation for Teach Out","","1"
"0339","10004365","Millennium Performing Arts Ltd","E","Limited Designation","","1"
"0340","10057951","London College of Creative Media Limited","E","England - Approved","","1"
"0341","10042679","International Business College Manchester Limited","E","England - Approved","","0"
"0342","10026921","Christ the Redeemer College","E","England - Approved","","0"
"0343","10029843","Waltham International College Limited","E","England - Approved (Fee Cap)","","0"
"0345","10020680","Belfast Metropolitan College","N","Northern Ireland Further Education College (NIFEC)","Yes","0"
"0346","10020372","Northern Regional College","N","Northern Ireland Further Education College (NIFEC)","Yes","0"
"0347","10020633","Southern Regional College","N","Northern Ireland Further Education College (NIFEC)","Yes","0"
"0348","10020699","South Eastern Regional College","N","Northern Ireland Further Education College (NIFEC)","Yes","0"
"0349","10020634","North West Regional College","N","Northern Ireland Further Education College (NIFEC)","Yes","0"
"0350","10020685","South West College","N","Northern Ireland Further Education College (NIFEC)","Yes","0"
"0351","10034449","Leeds Conservatoire","E","England - Approved (Fee Cap)","","0"
"0352","10080811","Hartpury University","E","England - Approved (Fee Cap)","","0"
"0353","10032036","Amity University [IN] London","E","England - Approved (Fee Cap)","","0"
"0354","10062810","The London School of Architecture","E","England - Approved (Fee Cap)","","0"
"0355","10004023","London College of International Business Studies Ltd","E","Limited Designation","","1"
"0356","10066551","LCCM AU UK Limited","E","Designation for Teach Out","","1"
"0357","10067853","ACM Guildford Limited","E","England - Approved (Fee Cap)","","0"
"0358","10042737","UK Business College Ltd","E","England - Approved","","0"
"0359","10004035","The Film Education Training Trust Limited","E","England - Approved","","0"
"0360","10067388","The Institute of Ismaili Studies","E","England - Approved","","0"
"0361","10023456","Newbold College","E","England - Approved","","0"
"0362","10003798","Le Cordon Bleu Limited","E","England - Approved","","0"
"0363","10042500","Global Banking School Limited","E","England - Approved","","0"
"0364","10007773","The Open University - England","E","England - Approved (Fee Cap)","","0"
"0365","10007773","The Open University - Northern Ireland","N","England - Approved (Fee Cap)","","0"
"0366","10007773","The Open University - Scotland","S","England - Approved (Fee Cap)","","0"
"0367","10007773","The Open University - Wales","W","England - Approved (Fee Cap)","","0"
"0400","10000911","BCNO Limited","E","England - Approved (Fee Cap)","","0"
"0401","10003758","LAMDA Limited","E","England - Approved (Fee Cap)","","0"
"0402","10009292","Royal Academy of Dramatic Art","E","England - Approved (Fee Cap)","","0"
"0403","10008098","Study Group","E","England - Approved","","0"
"0404","10020436","Royal School of Needlework (The)","E","England - Approved","","0"
"0405","10013220","Institute of Art - London Limited","E","England - Approved (Fee Cap)","","0"
"0406","10003212","Hult International Business School Ltd","E","England - Approved","","0"
"0407","10023458","The Sherwood Psychotherapy Training Institute Limited","E","England - Approved","","0"
"0408","10068157","University Centre Peterborough","E","England - Approved (Fee Cap)","","0"
"0409","10024024","Central Film School","E","England - Approved (Fee Cap)","","0"
"0410","10002313","ESCP Europe Business School","E","England - Approved","","0"
"0411","90000451","Harper and Keele Veterinary School","E","","","0"
"0412","10081618","The Council of the Inns of Court","E","England - Approved","","0"
"0413","10053304","Navitas UK Holdings Limited","E","England - Approved","","0"
"0414","10083476","The King's Foundation","E","England - Approved","","0"
"0415","10067355","Dyson Technical Training Limited","E","England - Approved","","0"
"0416","10023871","Results Consortium Limited","E","England - Approved","","0"
"0417","10067601","JSA Education Group Ltd.","E","England - Approved","","0"
"0418","10025197","University Centre Quayside Limited","E","England - Approved","","0"
"0419","10015688","David Game College Ltd","E","England - Approved (Fee Cap)","","0"
"0420","10026767","Dartington Hall Trust (The)","E","England - Approved","","0"
"0421","10067406","New Model Institute for Technology and Engineering (NMITE)","E","England - Approved (Fee Cap)","","0"
"0422","10082570","Kaplan International Colleges U.K. Limited","E","England - Approved (Fee Cap)","","0"
"0423","10082728","INTO University Partnerships Limited","E","England - Approved (Fee Cap)","","0"
"0424","10023442","The College of Osteopaths","E","England - Approved","","0"
"0425","10086591","Regent's University London Limited","E","England - Approved","","0"
"0426","10036456","Academy of Live Technology Ltd","E","England - Approved (Fee Cap)","","0"
"0427","10038772","British Academy of Jewellery Limited","E","England - Approved (Fee Cap)","","0"
"0428","10067623","The London Interdisciplinary School Ltd","E","England - Approved (Fee Cap)","","0"
"0429","10062833","Raindance Educational Services Limited","E","England - Approved","","0"
"0430","10066502","The College of Health Ltd","E","England - Approved (Fee Cap)","","0"
"0431","10057213","CEG UFP Limited","E","England - Approved","","0"
"0432","10062759","Applied Business Academy Limited","E","England - Approved","","0"
"0433","10020381","Tavistock and Portman NHS Foundation Trust","E","England - Approved","","0"
"0434","10067648","University Academy 92 Limited","E","England - Approved (Fee Cap)","","0"
"0435","10083403","The Engineering and Design Institute London","E","England - Approved (Fee Cap)","","0"
"0436","10082828","College of Legal Practice Limited","E","England - Approved (Fee Cap)","","0"
"0437","10082743","ThinkSpace Education Limited","E","England - Approved (Fee Cap)","","0"
"0438","10008899","The Ashridge (Bonar Law Memorial) Trust","E","England - Approved","","0"
"0439","10003284","Inchbald School of Design Limited","E","England - Approved","","0"
"0440","10049370","MLA College","E","England - Approved","","0"
"0441","10066143","Paris Dauphine International","E","England - Approved","","0"
"0443","10005378","Rambert School","E","England - Approved (Fee Cap)","","0"
"0444","10004028","The Place, London Contemporary Dance School (LCDS)","E","England - Approved (Fee Cap)","","0"
"0445","10001444","National Centre for Circus Arts","E","England - Approved (Fee Cap)","","0"
"0446","10001264","Central School of Ballet","E","England - Approved (Fee Cap)","","0"
"0447","10055902","Multiverse","E","England - Approved","","0"
"0448","10088214","S P Jain London School of Management Limited","E","England - Approved (Fee Cap)","","0"
"0449","10083464","Peking University HSBC Business School UK Campus","E","England - Approved","","0"
"0450","10027603","International College of Musical Theatre","E","England - Approved","","0"
"0451","10020038","Commonwealth College of Excellence","E","England - Approved","","0"
"0452","10089591","Walbrook Institute London Limited","E","England - Approved (Fee Cap)","","0"
"0453","10002011","Bird College","E","England - Approved","","0"
"0454","10086359","Caspian School of Academics","E","England - Approved (Fee Cap)","","0"
"0455","10007810","Birmingham Christian College","E","England - Approved","","0"
"0456","10030497","Anglo Skills College","E","England - Approved","","0"
"0457","10020118","Higher Rhythm Limited","E","England - Approved","","0"
"0458","10031239","LMA","E","England - Approved (Fee Cap)","","0"
"0459","10057622","The School of Information Risk Management","E","England - Approved (Fee Cap)","","0"
"0460","10083397","College of Medicine and Dentistry","E","England - Approved","","0"
"0461","10089771","Engineering College of Technology Limited","E","England - Approved (Fee Cap)","","0"
"0462","10091065","Collective Acting Studio","E","England - Approved (Fee Cap)","","0"
"0463","10089288","Corndel College London","E","England - Approved (Fee Cap)","","0"
"0464","10029147","London School of Jewish Studies","E","England - Approved (Fee Cap)","","0"
"0465","10092025","ACMET London College","E","England - Approved","","0"
"0466","10064423","Oxford International Education Group","E","England - Approved","","0"
"0467","10004747","St Hild College","E","England - Approved (Fee Cap)","","0"
"0468","10082026","EM Normandie UK Ltd","E","England - Approved","","0"
"0469","10013122","Sysco Business Skills Academy Limited","E","England - Approved (Fee Cap)","","0"
"0470","10090839","National Institute of Teaching","E","England - Approved (Fee Cap)","","0"
"0471","10003746","Laine Theatre Arts","E","England - Approved","","0"
"0472","10091282","London School of Innovation Ltd","E","England - Approved","","0"
"0473","10032295","Emmanuel Theological College","E","England - Approved (Fee Cap)","","0"
"0474","10004389","Ming-Ai (London) Institute","E","England - Approved","","0"
"0475","10009213","Fashion Retail Academy","E","England - Approved","","0"
"1001","10007709","York College","E","England - Further Education College (EFEC)","Yes","0"
"1002","10007696","Yeovil College","E","England - Further Education College (EFEC)","Yes","0"
"1003","10007434","West Thames College","E","England - Further Education College (EFEC)","Yes","0"
"1004","10007977","Heart of Worcestershire College","E","England - Further Education College (EFEC)","Yes","0"
"1005","10007578","City of Wolverhampton College","E","England - Further Education College (EFEC)","Yes","0"
"1006","10007427","West Nottinghamshire College","E","England - Further Education College (EFEC)","Yes","1"
"1007","10007419","West Kent and Ashford College","E","England - Further Education College (EFEC)","Yes","1"
"1008","10007455","Capital City College Group","E","England - Further Education College (EFEC)","Yes","0"
"1009","10007553","Wirral Metropolitan College","E","England - Further Education College (EFEC)","Yes","0"
"1010","10002107","The Windsor Forest Colleges Group","E","England - Further Education College (EFEC)","Yes","0"
"1011","10007527","Wiltshire College and University Centre","E","England - Further Education College (EFEC)","Yes","0"
"1012","10007417","West Herts College","E","England - Further Education College (EFEC)","Yes","0"
"1013","10007469","Weymouth and Kingston Maurward College","E","England - Further Education College (EFEC)","Yes","0"
"1014","10007459","Weston College of Further and Higher Education","E","England - Further Education College (EFEC)","Yes","0"
"1015","10007859","Warwickshire College","E","England - Further Education College (EFEC)","Yes","0"
"1016","10007321","Waltham Forest College","E","England - Further Education College (EFEC)","Yes","1"
"1017","10007315","Walsall College","E","England - Further Education College (EFEC)","Yes","0"
"1018","10004718","North Warwickshire and South Leicestershire College","E","England - Further Education College (EFEC)","Yes","0"
"1019","10007289","Heart of Yorkshire Education Group","E","England - Further Education College (EFEC)","Yes","0"
"1020","10007339","Warrington & Vale Royal College","E","England - Further Education College (EFEC)","Yes","0"
"1021","10001476","United Colleges Group","E","England - Further Education College (EFEC)","Yes","0"
"1022","10005999","Tyne Coast College","E","England - Further Education College (EFEC)","Yes","0"
"1023","10005998","The Trafford and Stockport College Group","E","England - Further Education College (EFEC)","Yes","0"
"1024","10004760","Northumberland College","E","England - Further Education College (EFEC)","Yes","1"
"1025","10006549","Telford College","E","England - Further Education College (EFEC)","Yes","0"
"1026","10006494","Tameside College","E","England - Further Education College (EFEC)","Yes","0"
"1027","10006463","Swindon College","E","England - Further Education College (EFEC)","Yes","1"
"1028","10006432","Sussex Downs College","E","England - Further Education College (EFEC)","Yes","1"
"1029","10001475","City of Sunderland College","E","England - Further Education College (EFEC)","Yes","0"
"1030","10006002","Stratford-upon-Avon College","E","England - Further Education College (EFEC)","Yes","1"
"1031","10006378","Strode College","E","England - Further Education College (EFEC)","Yes","0"
"1032","10006322","Stephenson College","E","England - Further Education College (EFEC)","Yes","1"
"1033","10006226","St Mary's College","E","England - Further Education College (EFEC)","Yes","1"
"1034","10006174","St Helens College","E","England - Further Education College (EFEC)","Yes","0"
"1035","10003674","South Thames Colleges Group","E","England - Further Education College (EFEC)","Yes","0"
"1036","10006331","Stockport College","E","England - Further Education College (EFEC)","Yes","1"
"1037","10006303","New College Stamford","E","England - Further Education College (EFEC)","Yes","1"
"1038","10004603","Newcastle and Stafford Colleges Group","E","England - Further Education College (EFEC)","Yes","0"
"1039","10006038","Southport Education Group","E","England - Further Education College (EFEC)","Yes","1"
"1040","10006050","Sparsholt College","E","England - Further Education College (EFEC)","Yes","0"
"1041","10005946","Solihull College and University Centre","E","England - Further Education College (EFEC)","Yes","0"
"1042","10005822","Shrewsbury Colleges Group","E","England - Further Education College (EFEC)","Yes","0"
"1043","10005788","The Sheffield College","E","England - Further Education College (EFEC)","Yes","0"
"1044","10006020","Southampton City College","E","England - Further Education College (EFEC)","Yes","0"
"1045","10036143","South Gloucestershire and Stroud College","E","England - Further Education College (EFEC)","Yes","0"
"1046","10005981","South Essex College of Further and Higher Education","E","England - Further Education College (EFEC)","Yes","0"
"1047","10005741","Selby College","E","England - Further Education College (EFEC)","Yes","1"
"1048","10005736","Unified Seevic Palmer's College","E","England - Further Education College (EFEC)","Yes","0"
"1049","10005977","South Devon College","E","England - Further Education College (EFEC)","Yes","0"
"1050","10005967","South & City College Birmingham","E","England - Further Education College (EFEC)","Yes","0"
"1051","10005669","Sandwell College","E","England - Further Education College (EFEC)","Yes","1"
"1052","10005032","Salford City College","E","England - Further Education College (EFEC)","Yes","0"
"1053","10005583","Ruskin College","E","England - Further Education College (EFEC)","Yes","1"
"1054","10005575","Runshaw College","E","England - Further Education College (EFEC)","Yes","1"
"1055","10005534","RNN Group","E","England - Further Education College (EFEC)","Yes","0"
"1056","10002863","Riverside College Halton","E","England - Further Education College (EFEC)","Yes","0"
"1057","10005465","Richard Huish College","E","England - Further Education College (EFEC)","Yes","1"
"1058","10005469","Richmond upon Thames College","E","England - Further Education College (EFEC)","Yes","0"
"1059","10005404","Reaseheath College","E","England - Further Education College (EFEC)","Yes","0"
"1060","10004676","Petroc","E","England - Further Education College (EFEC)","Yes","0"
"1061","10005077","Inspire Education Group","E","England - Further Education College (EFEC)","Yes","1"
"1062","10005200","Preston College","E","England - Further Education College (EFEC)","Yes","0"
"1063","10005128","City College Plymouth","E","England - Further Education College (EFEC)","Yes","0"
"1064","10005124","Plumpton College","E","England - Further Education College (EFEC)","Yes","0"
"1065","10005072","Peter Symonds College","E","England - Further Education College (EFEC)","Yes","0"
"1066","10007063","Truro and Penwith College","E","England - Further Education College (EFEC)","Yes","0"
"1067","10006770","The Oldham College","E","England - Further Education College (EFEC)","Yes","0"
"1068","10004835","Oaklands College","E","England - Further Education College (EFEC)","Yes","0"
"1069","10004579","New College Swindon","E","England - Further Education College (EFEC)","Yes","0"
"1070","10004578","New College Pontefract","E","England - Further Education College (EFEC)","Yes","1"
"1071","10004577","Nottingham College","E","England - Further Education College (EFEC)","Yes","0"
"1072","10004772","City College Norwich","E","England - Further Education College (EFEC)","Yes","0"
"1073","10001503","The Northern School of Art","E","England - Further Education College (EFEC)","Yes","0"
"1074","10007011","Northampton College","E","England - Further Education College (EFEC)","Yes","0"
"1075","10004721","North Kent College","E","England - Further Education College (EFEC)","Yes","0"
"1076","10004690","North Hertfordshire College","E","England - Further Education College (EFEC)","Yes","0"
"1077","10004607","Newham College of Further Education","E","England - Further Education College (EFEC)","Yes","0"
"1078","10004599","NCG","E","England - Further Education College (EFEC)","Yes","0"
"1079","10004596","Newbury College","E","England - Further Education College (EFEC)","Yes","0"
"1080","10004686","North East Surrey College of Technology (NESCOT)","E","England - Further Education College (EFEC)","Yes","0"
"1081","10006963","New City College","E","England - Further Education College (EFEC)","Yes","0"
"1082","10004576","New College Durham","E","England - Further Education College (EFEC)","Yes","0"
"1083","10004552","East Lancashire Learning Group","E","England - Further Education College (EFEC)","Yes","0"
"1084","10004478","Myerscough College","E","England - Further Education College (EFEC)","Yes","0"
"1085","10004442","Moulton College","E","England - Further Education College (EFEC)","Yes","0"
"1086","10003768","Lancaster and Morecambe College","E","England - Further Education College (EFEC)","Yes","1"
"1087","10004340","Mid-Kent College","E","England - Further Education College (EFEC)","Yes","0"
"1088","10004375","Milton Keynes College","E","England - Further Education College (EFEC)","Yes","0"
"1089","10004144","Macclesfield College","E","England - Further Education College (EFEC)","Yes","0"
"1090","10023139","LTE Group","E","England - Further Education College (EFEC)","Yes","0"
"1091","10004112","Loughborough College","E","England - Further Education College (EFEC)","Yes","0"
"1092","10003928","Lincoln College","E","England - Further Education College (EFEC)","Yes","0"
"1093","10007500","Wigan and Leigh College","E","England - Further Education College (EFEC)","Yes","0"
"1094","10003867","Leicester College","E","England - Further Education College (EFEC)","Yes","0"
"1095","10003855","Leeds College of Building","E","England - Further Education College (EFEC)","Yes","0"
"1096","10024962","University Centre, Leeds","E","England - Further Education College (EFEC)","Yes","0"
"1097","10003753","Lakes College West Cumbria","E","England - Further Education College (EFEC)","Yes","0"
"1098","10003189","Kirklees College","E","England - Further Education College (EFEC)","Yes","0"
"1099","10003676","Kingston Maurward College","E","England - Further Education College (EFEC)","Yes","0"
"1100","10003558","Kendal College","E","England - Further Education College (EFEC)","Yes","0"
"1101","10003200","Hull College","E","England - Further Education College (EFEC)","Yes","0"
"1102","10003193","Hugh Baird College","E","England - Further Education College (EFEC)","Yes","0"
"1103","10007945","City of Portsmouth College","E","England - Further Education College (EFEC)","Yes","0"
"1104","10003146","Hopwood Hall College","E","England - Further Education College (EFEC)","Yes","0"
"1105","10003128","Holy Cross College","E","England - Further Education College (EFEC)","Yes","0"
"1106","10003088","Richmond and Hillcroft Adult and Community College","E","England - Further Education College (EFEC)","Yes","1"
"1107","10003035","Hertford Regional College","E","England - Further Education College (EFEC)","Yes","0"
"1108","10003022","Hereford College of Arts","E","England - Further Education College (EFEC)","Yes","0"
"1109","10003023","Herefordshire, Ludlow and North Shropshire College","E","England - Further Education College (EFEC)","Yes","0"
"1110","10007193","Harrow, Richmond & Uxbridge College (HRUC)","E","England - Further Education College (EFEC)","Yes","0"
"1111","10002935","Havering College of Further and Higher Education","E","England - Further Education College (EFEC)","Yes","1"
"1112","10005979","Havant and South Downs College","E","England - Further Education College (EFEC)","Yes","0"
"1113","10002919","Hartpury College","E","England - Further Education College (EFEC)","Yes","1"
"1114","10002899","Harlow College","E","England - Further Education College (EFEC)","Yes","0"
"1115","10002094","Ealing, Hammersmith & West London College","E","England - Further Education College (EFEC)","Yes","0"
"1116","10002852","Halesowen College","E","England - Further Education College (EFEC)","Yes","0"
"1117","10002843","Hadlow College","E","England - Further Education College (EFEC)","Yes","1"
"1118","10002815","Guildford College of Further and Higher Education","E","England - Further Education College (EFEC)","Yes","1"
"1119","10007938","TEC Partnership","E","England - Further Education College (EFEC)","Yes","0"
"1120","10002743","Grantham College","E","England - Further Education College (EFEC)","Yes","0"
"1121","10002696","Gloucestershire College","E","England - Further Education College (EFEC)","Yes","0"
"1122","10002638","Gateshead College","E","England - Further Education College (EFEC)","Yes","0"
"1123","10002599","Furness College","E","England - Further Education College (EFEC)","Yes","0"
"1124","10002412","Farnborough College of Technology","E","England - Further Education College (EFEC)","Yes","0"
"1125","10007928","South Hampshire College Group","E","England - Further Education College (EFEC)","Yes","0"
"1126","10002370","Exeter College","E","England - Further Education College (EFEC)","Yes","0"
"1127","10002923","East Sussex College Group","E","England - Further Education College (EFEC)","Yes","0"
"1128","10002130","East Surrey College","E","England - Further Education College (EFEC)","Yes","0"
"1129","10002126","East Riding College","E","England - Further Education College (EFEC)","Yes","1"
"1130","10002143","Eastleigh College","E","England - Further Education College (EFEC)","Yes","1"
"1131","10003624","King Edward VI College Nuneaton","E","England - Further Education College (EFEC)","Yes","1"
"1132","10007924","Dudley College of Technology","E","England - Further Education College (EFEC)","Yes","0"
"1133","10004695","DN Colleges Group","E","England - Further Education College (EFEC)","Yes","0"
"1134","10001919","DCG","E","England - Further Education College (EFEC)","Yes","0"
"1135","10001778","Croydon College","E","England - Further Education College (EFEC)","Yes","0"
"1136","10001696","Cornwall College","E","England - Further Education College (EFEC)","Yes","0"
"1137","10001743","Craven College","E","England - Further Education College (EFEC)","Yes","0"
"1138","10003010","Coventry College","E","England - Further Education College (EFEC)","Yes","0"
"1139","10003955","The City of Liverpool College","E","England - Further Education College (EFEC)","Yes","0"
"1140","10001535","Colchester Institute","E","England - Further Education College (EFEC)","Yes","0"
"1141","10001446","Cirencester College","E","England - Further Education College (EFEC)","Yes","1"
"1142","10005972","Cheshire College South and West","E","England - Further Education College (EFEC)","Yes","0"
"1143","10007817","Chichester College Group","E","England - Further Education College (EFEC)","Yes","0"
"1144","10001378","Chesterfield College","E","England - Further Education College (EFEC)","Yes","0"
"1145","10003564","Kensington and Chelsea College","E","England - Further Education College (EFEC)","Yes","1"
"1146","10002061","Central Bedfordshire College","E","England - Further Education College (EFEC)","Yes","1"
"1147","10001165","Cardinal Newman Catholic Sixth Form College","E","England - Further Education College (EFEC)","Yes","0"
"1148","10001144","Canterbury College","E","England - Further Education College (EFEC)","Yes","1"
"1149","10001116","Cambridge Regional College","E","England - Further Education College (EFEC)","Yes","0"
"1150","10001093","Calderdale College","E","England - Further Education College (EFEC)","Yes","0"
"1151","10001005","Bury College","E","England - Further Education College (EFEC)","Yes","0"
"1152","10001000","Burnley College","E","England - Further Education College (EFEC)","Yes","0"
"1153","10001004","Burton and South Derbyshire College","E","England - Further Education College (EFEC)","Yes","0"
"1154","10000952","The SMB Group","E","England - Further Education College (EFEC)","Yes","0"
"1155","10000948","Bromley College of Further and Higher Education","E","England - Further Education College (EFEC)","Yes","0"
"1156","10000950","Brooklands College","E","England - Further Education College (EFEC)","Yes","0"
"1157","10000944","Brockenhurst College","E","England - Further Education College (EFEC)","Yes","0"
"1158","10000878","University Centre Somerset College Group","E","England - Further Education College (EFEC)","Yes","0"
"1159","10001467","City of Bristol College","E","England - Further Education College (EFEC)","Yes","0"
"1160","10004736","Greater Brighton Metropolitan College","E","England - Further Education College (EFEC)","Yes","1"
"1161","10000840","Bradford College","E","England - Further Education College (EFEC)","Yes","0"
"1162","10000820","The Bournemouth and Poole College","E","England - Further Education College (EFEC)","Yes","0"
"1163","10000812","Boston College","E","England - Further Education College (EFEC)","Yes","0"
"1164","10000794","Bolton College","E","England - Further Education College (EFEC)","Yes","0"
"1165","10000754","Blackpool and the Fylde College","E","England - Further Education College (EFEC)","Yes","0"
"1166","10000747","Blackburn College","E","England - Further Education College (EFEC)","Yes","0"
"1167","10000721","Bishop Burton College","E","England - Further Education College (EFEC)","Yes","0"
"1168","10000720","Bishop Auckland College","E","England - Further Education College (EFEC)","Yes","0"
"1169","10006442","Birmingham Metropolitan College","E","England - Further Education College (EFEC)","Yes","0"
"1170","10000654","The Berkshire College of Agriculture (BCA)","E","England - Further Education College (EFEC)","Yes","1"
"1171","10000610","Bedford College Group","E","England - Further Education College (EFEC)","Yes","0"
"1172","10001465","Bath College","E","England - Further Education College (EFEC)","Yes","0"
"1173","10000560","Basingstoke College of Technology","E","England - Further Education College (EFEC)","Yes","0"
"1174","10000533","Barnet & Southgate College","E","England - Further Education College (EFEC)","Yes","0"
"1175","10000536","Barnsley College","E","England - Further Education College (EFEC)","Yes","0"
"1176","10000534","Barnfield College","E","England - Further Education College (EFEC)","Yes","1"
"1177","10000528","Barking and Dagenham College","E","England - Further Education College (EFEC)","Yes","1"
"1178","10000473","Aylesbury College","E","England - Further Education College (EFEC)","Yes","0"
"1179","10000415","Askham Bryan College","E","England - Further Education College (EFEC)","Yes","0"
"1180","10000409","Ashton Sixth Form College","E","England - Further Education College (EFEC)","Yes","1"
"1181","10004927","Activate Learning","E","England - Further Education College (EFEC)","Yes","0"
"1182","10000093","Accrington and Rossendale College","E","England - Further Education College (EFEC)","Yes","1"
"1183","10000055","Abingdon and Witney College","E","England - Further Education College (EFEC)","Yes","0"
"1184","10080810","Hartpury College of Further Education","E","England - Further Education College (EFEC)","Yes","1"
"1185","10004344","Middlesbrough College","E","England - Further Education College (EFEC)","Yes","0"
"1186","10003511","Joseph Chamberlain Sixth Form College","E","England - Further Education College (EFEC)","Yes","1"
"1187","10006570","EKC GROUP","E","England - Further Education College (EFEC)","Yes","0"
"1188","10000670","Bexhill College","E","England - Further Education College (EFEC)","Yes","1"
"1189","10004432","Morley College Limited","E","England - Further Education College (EFEC)","Yes","0"
"1190","10007431","West Suffolk College","E","England - Further Education College (EFEC)","Yes","0"
"1191","10007299","North Shropshire College","E","England - Further Education College (EFEC)","Yes","1"
"1192","10000833","Bracknell and Wokingham College","E","England - Further Education College (EFEC)","Yes","1"
"1193","10046354","Prospects College of Advanced Technology","E","England - Further Education College (EFEC)","Yes","1"
"1194","10037344","Easton and Otley College","E","England - Further Education College (EFEC)","Yes","1"
"1195","10003427","Itchen College","E","England - Further Education College (EFEC)","Yes","1"
"1196","10021550","Centre for Alternative Technology","W","Wales Further Education College","Yes","0"
"1197","10090767","St Padarn's Institute","W","Wales Further Education College","Yes","0"
"1198","10024766","Union Foundation","W","Wales Further Education College","Yes","1"
"1199","10034450","Cardiff and Vale College","W","Wales Further Education College","Yes","0"
"1200","10008912","Coleg Gwent","W","Wales Further Education College","Yes","0"
"1201","10041295","Coleg Cambria","W","Wales Further Education College","Yes","0"
"1202","10065543","London Brookes College","E","England - Approved","","0"
"2001","","Institute of Psychiatry (associated with King's College London)","E","","","1"
"7004","99999997","Medway School of Pharmacy","E","","","0"
"7005","99999998","Hull York Medical School","E","","","0"
"7006","99999999","Brighton and Sussex Medical School","E","","","0"
"7007","10007812","University of London Institute in Paris","E","","","0"
"7008","99999996","Peninsula College of Medicine and Dentistry","E","","","1"
"7009","10002344","European School of Osteopathy","E","England - Approved","","1"
"9065","99000265","Council for National Academic Awards","E","","","1"
